Query,Response
"Feast - Sheraton Hyderabad Hotel and Paradise, which is better?","Paradise has a higher rating than Feast - Sheraton Hyderabad Hotel, so you should go for Paradise."
Tell me something about The Tilt Bar Republic.,"The reviews suggest that Tilt Republic Bar has a mixed reputation, with many patrons praising its extensive beer selection and good ambiance, while others criticize the food quality and service inconsistencies. While some enjoyed the drinks and found the atmosphere suitable for social gatherings, several reviewers expressed disappointment with the food's taste and the staff's organization."
What is NorFest - The Dhaba's rating?,The overall rating of NorFest - The Dhaba is 3.519.
I'm choosing between NorFest - The Dhaba and Olive Garden. Which one should I go?,"NorFest - The Dhaba has a higher rating than Olive Garden, so you should go for NorFest - The Dhaba."
How is Triptify rated?,The overall rating of Triptify is 2.855.
"Which is the better pick, Shah Ghouse Spl Shawarma or KFC?","Shah Ghouse Spl Shawarma has a higher rating than KFC, so you should go for Shah Ghouse Spl Shawarma."
What feedback are people giving about KFC?,"The reviews suggest that customer experiences at KFC are highly variable, with some patrons enjoying the food quality, particularly the chicken wings and Zinger burgers, while others express dissatisfaction with late deliveries, poor customer service, and inconsistent food quality. Several customers have reported negative experiences, leading to a decision to avoid KFC in the future, highlighting a significant decline in service and product satisfaction."
What score does AB's - Absolute Barbecues have?,The overall rating of AB's - Absolute Barbecues is 4.067.
"Which stands out more, La La Land - Bar & Kitchen or Driven Cafe?","Driven Cafe has a higher rating than La La Land - Bar & Kitchen, so you should go for Driven Cafe."
What opinions are people sharing about Gal Punjab Di?,"The reviews suggest that while some diners appreciate the ambiance and certain dishes like Dal Makhani and Veg Angara, many express disappointment with the overall flavor and authenticity of the food, particularly the Butter Chicken and parathas. Service quality also receives mixed feedback, with several reviewers noting slow service and a need for improvement."
How do people rate Jonathan's Kitchen - Holiday Inn Express & Suites?,The overall rating of Jonathan's Kitchen - Holiday Inn Express & Suites is 3.679.
"Between Jonathan's Kitchen - Holiday Inn Express & Suites and Paradise, which is the best choice?","Paradise has a higher rating than Jonathan's Kitchen - Holiday Inn Express & Suites, so you should go for Paradise."
How do people feel about Triptify?,"The reviews suggest that while some customers appreciate the quality, quantity, and packaging of the parathas, there are significant concerns regarding incorrect orders, overcooked or burnt items, excessive spiciness, and inconsistent taste. Overall, many diners feel that the restaurant's food quality has declined compared to previous experiences."
Can you tell me the rating for Shah Ghouse Spl Shawarma?,The overall rating of Shah Ghouse Spl Shawarma is 3.109.
Should I choose AB's - Absolute Barbecues or Jonathan's Kitchen - Holiday Inn Express & Suites?,"AB's - Absolute Barbecues has a higher rating than Jonathan's Kitchen - Holiday Inn Express & Suites, so you should go for AB's - Absolute Barbecues."
What do people think of AB's - Absolute Barbecues?,"The reviews suggest that while the restaurant offers a wide variety of dishes and has courteous and attentive staff, the overall food quality is perceived as average, with some specific items being disappointing. Many patrons appreciated the service and ambiance, but there were concerns about the freshness of certain dishes and the limited options in the main course."
What's the user rating for Gal Punjab Di?,The overall rating of Gal Punjab Di is 3.279.
"Between Gal Punjab Di and Driven Cafe, which is the best choice?","Driven Cafe has a higher rating than Gal Punjab Di, so you should go for Driven Cafe."
What comments are people making about Paradise?,"The reviews suggest that while the restaurant has a pleasant ambience and some patrons appreciate the service and specific dishes like egg biryani and chicken 65, there is significant dissatisfaction regarding the quality of food, particularly the biryani, with several customers expressing disappointment in both taste and service consistency. Overall, experiences vary widely, with some customers recommending the place and others advising against it."
How do people rate Olive Garden?,The overall rating of Olive Garden is 3.162.
